Clinic ID,Clinic Name,Clinic Reports Generated,Clinic Registered On,Patient DB ID,Patient System ID,Patient Name,Patient Age,Patient Sex,Patient Weight (kg),Patient Height (cm),Patient Clinician Name,Patient Registered At (Clinic),Patient Last Updated At (Clinic),Report ID,Report Date,Stress Score,Mean RR (ms),SDNN (ms),RMSSD (ms),pNN50 (%),pNN20 (%),LF Power (ms²),HF Power (ms²),LF/HF Ratio,Report Created At
5,Q-Point: Lotus Multispecialty Hospital,258,11/20/2025 8:41,141,5_qpoin_000043,AZNAR P,37,Male,100,178,N/A,2/28/2026 6:05,2/28/2026 6:05,143,2/28/2026,66,709.284,21.4702,14.062,0.475059,11.8765,193.326,41.664,4.64,2/28/2026 6:05
5,Q-Point: Lotus Multispecialty Hospital,258,11/20/2025 8:41,143,5_qpoin_000045,Kunal T,38,Male,78,172,N/A,2/28/2026 6:38,2/28/2026 6:38,144,2/28/2026,45,768.272,51.5516,32.0256,8.76289,44.5876,1026.35,328.639,3.123,2/28/2026 6:38
5,Q-Point: Lotus Multispecialty Hospital,258,11/20/2025 8:41,144,5_qpoin_000046,Avinash S,33,Male,92,172,N/A,2/28/2026 6:42,2/28/2026 6:42,145,2/28/2026,26,638.188,93.7,128.617,1.54185,15.4185,14389,12795.3,1.125,2/28/2026 6:42
5,Q-Point: Lotus Multispecialty Hospital,258,11/20/2025 8:41,148,5_qpoin_000050,Suresh rathod,34,Male,82,170,N/A,2/28/2026 7:09,2/28/2026 7:09,149,2/28/2026,62,670.668,32.8452,14.898,0.674157,12.5843,276.54,153.943,1.796,2/28/2026 7:09
5,Q-Point: Lotus Multispecialty Hospital,258,11/20/2025 8:41,149,5_qpoin_000051,harsh ingale,28,Male,64,175,N/A,2/28/2026 7:11,2/28/2026 7:11,150,2/28/2026,63,647.848,24.4059,19.552,1.30152,25.8134,115.244,56.895,2.026,2/28/2026 7:11
5,Q-Point: Lotus Multispecialty Hospital,258,11/20/2025 8:41,149,5_qpoin_000051,harsh ingale,28,Male,64,175,N/A,2/28/2026 7:11,2/28/2026 7:11,277,2/28/2026,63,652.824,22.8141,20.3141,2.18341,27.7293,99.287,60.322,1.646,3/2/2026 10:36
5,Q-Point: Lotus Multispecialty Hospital,258,11/20/2025 8:41,150,5_qpoin_000052,Abhiraj Shinde,27,Male,55,162,N/A,2/28/2026 7:13,2/28/2026 7:13,151,2/28/2026,58,780.522,36.5215,23.5032,2.96496,33.4232,298.62,239.021,1.249,2/28/2026 7:13
5,Q-Point: Lotus Multispecialty Hospital,258,11/20/2025 8:41,151,5_qpoin_000053,Mnaisha chadak,48,Female,59,168,N/A,2/28/2026 7:35,2/28/2026 7:35,152,2/28/2026,62,754.742,22.2884,15.0335,0.506329,13.1646,144.471,41.831,3.454,2/28/2026 7:36
5,Q-Point: Lotus Multispecialty Hospital,258,11/20/2025 8:41,152,5_qpoin_000054,Tushar deshlage,36,Male,58,168,N/A,2/28/2026 7:42,2/28/2026 7:42,153,2/28/2026,21,735.429,86.6446,115.928,6.41975,43.2099,7998.62,7745.03,1.033,2/28/2026 7:42
5,Q-Point: Lotus Multispecialty Hospital,258,11/20/2025 8:41,153,5_qpoin_000055,Ramshankar,65,Male,60,162,N/A,2/28/2026 8:04,2/28/2026 8:04,154,2/28/2026,48,724.644,33.2648,16.4998,1.94647,13.1387,241.746,64.624,3.741,2/28/2026 8:04
5,Q-Point: Lotus Multispecialty Hospital,258,11/20/2025 8:41,153,5_qpoin_000055,Ramshankar,65,Male,60,162,N/A,2/28/2026 8:04,2/28/2026 8:04,270,2/28/2026,49,725.29,26.8949,17.0195,1.95599,11.2469,178.681,79.642,2.244,3/2/2026 10:27
5,Q-Point: Lotus Multispecialty Hospital,258,11/20/2025 8:41,154,5_qpoin_000056,rajeshpathare,46,Male,89,167,N/A,2/28/2026 8:07,2/28/2026 8:07,155,2/28/2026,63,574.792,13.2794,11.1966,0.578035,5.78035,33.143,41.041,0.808,2/28/2026 8:07
5,Q-Point: Lotus Multispecialty Hospital,258,11/20/2025 8:41,154,5_qpoin_000056,rajeshpathare,46,Male,89,167,N/A,2/28/2026 8:07,2/28/2026 8:07,272,2/28/2026,62,575.462,14.2864,12.452,0.963391,7.32177,37.527,42.593,0.881,3/2/2026 10:29
5,Q-Point: Lotus Multispecialty Hospital,258,11/20/2025 8:41,155,5_qpoin_000057,Sanjay,26,Male,65,152,N/A,2/28/2026 8:09,2/28/2026 8:09,156,2/28/2026,49,779.401,55.4711,35.0142,12.2715,43.6031,1192.03,643.238,1.853,2/28/2026 8:09
5,Q-Point: Lotus Multispecialty Hospital,258,11/20/2025 8:41,156,5_qpoin_000058,Jayanta Shilar,42,Male,60,160,N/A,2/28/2026 8:11,2/28/2026 8:11,157,2/28/2026,49,779.401,55.4711,35.0142,12.2715,43.6031,1192.03,643.238,1.853,2/28/2026 8:11
5,Q-Point: Lotus Multispecialty Hospital,258,11/20/2025 8:41,157,5_qpoin_000059,Jyoti,36,Female,62,150,N/A,2/28/2026 8:13,2/28/2026 8:13,158,2/28/2026,67,650.726,28.8291,17.1109,1.74292,13.2898,375.174,68.025,5.515,2/28/2026 8:13
5,Q-Point: Lotus Multispecialty Hospital,258,11/20/2025 8:41,157,5_qpoin_000059,Jyoti,36,Female,62,150,N/A,2/28/2026 8:13,2/28/2026 8:13,271,2/28/2026,64,651.987,28.3208,21.3595,3.05677,15.7205,367.982,86.537,4.252,3/2/2026 10:28
5,Q-Point: Lotus Multispecialty Hospital,258,11/20/2025 8:41,158,5_qpoin_000060,jyoti jaiswal,37,Female,49,150,N/A,2/28/2026 8:21,2/28/2026 8:21,159,2/28/2026,60,639.209,22.8391,20.1332,0.642398,29.1221,107.819,91.617,1.177,2/28/2026 8:21
5,Q-Point: Lotus Multispecialty Hospital,258,11/20/2025 8:41,160,5_qpoin_000062,SIVI PAL,20,Female,59,149,N/A,2/28/2026 9:21,2/28/2026 9:21,161,2/28/2026,29,554.896,111.655,157.948,0.371058,18.9239,50575.2,33820.4,1.495,2/28/2026 9:21
5,Q-Point: Lotus Multispecialty Hospital,258,11/20/2025 8:41,161,5_qpoin_000063,MANISH KHANDEKAR,47,Female,60,150,N/A,2/28/2026 9:22,2/28/2026 9:22,162,2/28/2026,44,787.653,30.5673,28.0422,5.01319,51.715,352.165,263.119,1.338,2/28/2026 9:22
5,Q-Point: Lotus Multispecialty Hospital,258,11/20/2025 8:41,162,5_qpoin_000064,MONA KHAKHAKHAR,57,Female,80,155,N/A,2/28/2026 9:25,2/28/2026 9:25,163,2/28/2026,38,604.033,29.833,40.6114,0.628931,5.03145,259.876,542.259,0.479,2/28/2026 9:25
5,Q-Point: Lotus Multispecialty Hospital,258,11/20/2025 8:41,163,5_qpoin_000065,Rajras kalpun,56,Male,68,156,N/A,2/28/2026 9:28,2/28/2026 9:28,164,2/28/2026,43,812.489,20.7683,27.5962,8.71935,31.8801,43.039,87.818,0.49,2/28/2026 9:28
5,Q-Point: Lotus Multispecialty Hospital,258,11/20/2025 8:41,164,5_qpoin_000066,Rajesh gotpagar,42,Male,62,155,N/A,2/28/2026 9:28,2/28/2026 9:28,165,2/28/2026,69,610.555,20.8334,11.2753,0,6.95296,140.634,16.159,8.703,2/28/2026 9:28
5,Q-Point: Lotus Multispecialty Hospital,258,11/20/2025 8:41,165,5_qpoin_000067,Arun Shankar,65,Male,65,165,N/A,2/28/2026 9:28,2/28/2026 9:28,166,2/28/2026,55,560.679,11.2983,13.1169,0.564972,6.40301,48.051,74.058,0.649,2/28/2026 9:28
5,Q-Point: Lotus Multispecialty Hospital,258,11/20/2025 8:41,166,5_qpoin_000068,Bhaga Bai,43,Female,55,157,N/A,2/28/2026 9:41,2/28/2026 9:41,167,2/28/2026,27,660.935,225.984,325.408,4.34783,14.4165,416084,112927,3.685,2/28/2026 9:41
5,Q-Point: Lotus Multispecialty Hospital,258,11/20/2025 8:41,167,5_qpoin_000069,DURGA CHAVAN,52,Female,52,150,N/A,2/28/2026 9:42,2/28/2026 9:42,168,2/28/2026,40,615.026,31.7081,40.9942,0.42735,10.0427,338.431,536.274,0.631,2/28/2026 9:42
5,Q-Point: Lotus Multispecialty Hospital,258,11/20/2025 8:41,169,5_qpoin_000071,Suhas pawar,38,Male,72,163,N/A,2/28/2026 9:56,2/28/2026 9:56,170,2/28/2026,63,780.615,27.1647,15.1583,0.261097,14.8825,119.305,31.859,3.745,2/28/2026 9:56
5,Q-Point: Lotus Multispecialty Hospital,258,11/20/2025 8:41,170,5_qpoin_000072,SAJAY FULORA,48,Male,58,160,N/A,2/28/2026 10:00,2/28/2026 10:00,171,2/28/2026,36,807.335,41.9201,42.0214,2.16802,30.8943,238.461,364.59,0.654,2/28/2026 10:00
5,Q-Point: Lotus Multispecialty Hospital,258,11/20/2025 8:41,171,5_qpoin_000073,Sheetal,29,Female,48,164,N/A,2/28/2026 10:01,2/28/2026 10:01,172,2/28/2026,24,649.154,103.884,150.445,6.73913,37.3913,18831.8,16650.8,1.131,2/28/2026 10:01
5,Q-Point: Lotus Multispecialty Hospital,258,11/20/2025 8:41,173,5_qpoin_000075,Anand,40,Male,72,167,N/A,2/28/2026 10:16,2/28/2026 10:16,174,2/28/2026,62,627.131,17.9359,17.9988,1.69851,18.6837,93.223,37.681,2.474,2/28/2026 10:16
5,Q-Point: Lotus Multispecialty Hospital,258,11/20/2025 8:41,174,5_qpoin_000076,Manish dhuri,41,Male,60,157,N/A,2/28/2026 10:19,2/28/2026 10:19,175,2/28/2026,68,585.133,19.5695,8.75319,0.195695,1.56556,101.266,18.402,5.503,2/28/2026 10:19
5,Q-Point: Lotus Multispecialty Hospital,258,11/20/2025 8:41,175,5_qpoin_000077,Sagar Kute,25,Male,85,176,N/A,2/28/2026 10:22,2/28/2026 10:22,176,2/28/2026,34,633.149,69.0104,66.6746,19.5175,51.3158,1935.51,1590.39,1.217,2/28/2026 10:22
5,Q-Point: Lotus Multispecialty Hospital,258,11/20/2025 8:41,176,5_qpoin_000078,Nagesh Kamble,39,Male,78,155,N/A,2/28/2026 10:30,2/28/2026 10:30,177,2/28/2026,24,508.115,167.769,179.242,8.37887,24.2259,138810,39726.8,3.494,2/28/2026 10:30
5,Q-Point: Lotus Multispecialty Hospital,258,11/20/2025 8:41,177,5_qpoin_000079,Shankar naryan,62,Male,86,176,N/A,2/28/2026 10:47,2/28/2026 10:47,178,2/28/2026,22,452.314,88.2484,125.922,3.13076,8.47146,425190,117517,3.618,2/28/2026 10:47
5,Q-Point: Lotus Multispecialty Hospital,258,11/20/2025 8:41,178,5_qpoin_000080,VAISHALI PATIL,44,Female,78,162,N/A,2/28/2026 10:58,2/28/2026 10:58,179,2/28/2026,61,746.887,16.7708,15.127,0,15.5039,72.402,98.757,0.733,2/28/2026 10:58
5,Q-Point: Lotus Multispecialty Hospital,258,11/20/2025 8:41,179,5_qpoin_000081,Avneet singh,48,Male,85,172,N/A,2/28/2026 11:01,2/28/2026 11:01,180,2/28/2026,23,555.621,93.4848,132.467,0.744879,13.0354,23858.6,19358.9,1.232,2/28/2026 11:01
5,Q-Point: Lotus Multispecialty Hospital,258,11/20/2025 8:41,181,5_qpoin_000083,JASBEER KAUR,62,Female,83,156,N/A,2/28/2026 11:03,2/28/2026 11:03,182,2/28/2026,59,562.827,9.52118,12.1559,0.972763,8.94942,7.329,9.836,0.745,2/28/2026 11:03
5,Q-Point: Lotus Multispecialty Hospital,258,11/20/2025 8:41,183,5_qpoin_000085,Kuljeet,59,Female,61,148,N/A,2/28/2026 11:10,2/28/2026 11:10,184,2/28/2026,53,668.376,19.6991,17.1145,1.34529,16.1435,98.114,82.421,1.19,2/28/2026 11:10
5,Q-Point: Lotus Multispecialty Hospital,258,11/20/2025 8:41,184,5_qpoin_000086,shubhada shitole,55,Female,57,160,N/A,2/28/2026 11:21,2/28/2026 11:21,185,2/28/2026,25,754.758,180.678,186.829,5.61798,20.5056,62442.2,9949.83,6.276,2/28/2026 11:21
5,Q-Point: Lotus Multispecialty Hospital,258,11/20/2025 8:41,185,5_qpoin_000087,Sanjvani T,55,Female,70,155,N/A,2/28/2026 11:31,2/28/2026 11:31,186,2/28/2026,58,820,19.138,15.6293,0.824176,13.4615,106.622,51.374,2.075,2/28/2026 11:31
5,Q-Point: Lotus Multispecialty Hospital,258,11/20/2025 8:41,186,5_qpoin_000088,vasant chavan,47,Male,65,160,N/A,2/28/2026 11:32,2/28/2026 11:32,187,2/28/2026,61,608.394,17.2103,14.0879,0,14.8676,86.543,36.223,2.389,2/28/2026 11:32
5,Q-Point: Lotus Multispecialty Hospital,258,11/20/2025 8:41,187,5_qpoin_000089,Gurmeet kaur,40,Female,65,157,N/A,2/28/2026 11:43,2/28/2026 11:43,188,2/28/2026,59,668.375,22.52,21.2986,2.46085,29.7539,162.266,77.587,2.091,2/28/2026 11:43
5,Q-Point: Lotus Multispecialty Hospital,258,11/20/2025 8:41,188,5_qpoin_000090,harjeet kaur,50,Male,61,145,N/A,2/28/2026 11:48,2/28/2026 11:48,189,2/28/2026,21,650.743,172.199,245.547,2.83224,16.5577,57351.3,47434.5,1.209,2/28/2026 11:48
5,Q-Point: Lotus Multispecialty Hospital,258,11/20/2025 8:41,190,5_qpoin_000092,Rajender kaur,44,Male,71,155,N/A,2/28/2026 12:04,2/28/2026 12:04,191,2/28/2026,30,583.335,60.2189,99.1765,23.4801,24.5283,183.817,326.765,0.563,2/28/2026 12:04
5,Q-Point: Lotus Multispecialty Hospital,258,11/20/2025 8:41,191,5_qpoin_000093,Harpreet kaur,57,Female,57,155,N/A,2/28/2026 12:05,2/28/2026 12:05,192,2/28/2026,16,691.888,96.3037,95.796,10.0796,40.8488,6106.91,6307.96,0.968,2/28/2026 12:05
5,Q-Point: Lotus Multispecialty Hospital,258,11/20/2025 8:41,192,5_qpoin_000094,DHARMENDRA JAISWAL,42,Male,70,155,N/A,2/28/2026 12:23,2/28/2026 12:23,193,2/28/2026,61,621.996,17.2608,19.4571,2.58065,10.9677,92.854,45.108,2.058,2/28/2026 12:23
5,Q-Point: Lotus Multispecialty Hospital,258,11/20/2025 8:41,193,5_qpoin_000095,Hemlata,72,Male,65,152,N/A,2/28/2026 12:38,2/28/2026 12:38,194,2/28/2026,38,726.456,24.1404,32.5548,3.64963,31.1436,129.207,93.733,1.378,2/28/2026 12:38
5,Q-Point: Lotus Multispecialty Hospital,258,11/20/2025 8:41,194,5_qpoin_000096,Mahendra sharma,63,Male,60,159,N/A,2/28/2026 12:40,2/28/2026 12:40,195,2/28/2026,58,676.668,17.4268,9.41522,0,2.8103,110.828,38.088,2.91,2/28/2026 12:40
5,Q-Point: Lotus Multispecialty Hospital,258,11/20/2025 8:41,195,5_qpoin_000097,Gurjeet Kaur,59,Female,60,172,N/A,2/28/2026 12:49,2/28/2026 12:49,196,2/28/2026,58,616.539,18.2716,13.9557,1.64949,9.07217,49.108,20.677,2.375,2/28/2026 12:49
5,Q-Point: Lotus Multispecialty Hospital,258,11/20/2025 8:41,196,5_qpoin_000098,DAYANAND SHINDE,29,Male,74,162,N/A,2/28/2026 12:59,2/28/2026 12:59,197,2/28/2026,55,691.49,57.349,31.9477,9.43396,34.7709,2766.2,334.136,8.279,2/28/2026 12:59
5,Q-Point: Lotus Multispecialty Hospital,258,11/20/2025 8:41,197,5_qpoin_000099,Amaarjeet,67,Male,84,154,N/A,2/28/2026 13:15,2/28/2026 13:15,198,2/28/2026,57,799.627,16.656,11.0671,0,6.95187,93.62,36.262,2.582,2/28/2026 13:15
5,Q-Point: Lotus Multispecialty Hospital,258,11/20/2025 8:41,198,5_qpoin_000100,ANJU,51,Female,61,153,N/A,2/28/2026 13:16,2/28/2026 13:16,199,2/28/2026,23,765.974,176.151,250.027,3.58974,16.1538,89631.1,40122.9,2.234,2/28/2026 13:16
5,Q-Point: Lotus Multispecialty Hospital,258,11/20/2025 8:41,199,5_qpoin_000101,Manoj,59,Male,68,158,N/A,2/28/2026 13:17,2/28/2026 13:17,200,2/28/2026,37,586.663,27.6983,35.008,7.12871,30.6931,79.769,100.786,0.791,2/28/2026 13:17
5,Q-Point: Lotus Multispecialty Hospital,258,11/20/2025 8:41,200,5_qpoin_000102,Inderpal singh,38,Male,95,160,N/A,2/28/2026 13:26,2/28/2026 13:26,201,2/28/2026,50,559.869,30.0938,44.2826,0.579151,1.1583,294.67,535.932,0.55,2/28/2026 13:26
5,Q-Point: Lotus Multispecialty Hospital,258,11/20/2025 8:41,201,5_qpoin_000103,RAVVEENA AGRAWAL,35,Female,59,153,N/A,2/28/2026 13:32,2/28/2026 13:32,202,2/28/2026,0,628.654,59.4641,78.5583,1.31291,21.663,2685.93,5183.16,0.518,2/28/2026 13:32
5,Q-Point: Lotus Multispecialty Hospital,258,11/20/2025 8:41,202,5_qpoin_000104,KAUSHAL RUWATIA,35,Male,98,176,N/A,2/28/2026 13:34,2/28/2026 13:34,203,2/28/2026,65,622.017,36.3992,18.7864,2.34542,14.0725,937.101,52.394,17.886,2/28/2026 13:35
5,Q-Point: Lotus Multispecialty Hospital,258,11/20/2025 8:41,203,5_qpoin_000105,purshottam chavan,50,Male,52,155,N/A,2/28/2026 13:39,2/28/2026 13:39,204,2/28/2026,51,693.623,28.4388,21.0142,2.39234,29.1866,371.473,85.403,4.35,2/28/2026 13:39
5,Q-Point: Lotus Multispecialty Hospital,258,11/20/2025 8:41,204,5_qpoin_000106,YUVRAJ CHAVAN,37,Male,95,162,N/A,2/28/2026 13:51,2/28/2026 13:51,205,2/28/2026,64,679.902,14.64,15.682,0.469484,16.6667,81.215,40.997,1.981,2/28/2026 13:51
5,Q-Point: Lotus Multispecialty Hospital,258,11/20/2025 8:41,205,5_qpoin_000107,Madhubala K,62,Female,68,155,N/A,2/28/2026 13:52,2/28/2026 13:52,206,2/28/2026,20,707.494,81.6207,115.504,2.60663,18.4834,6704.12,7035.83,0.953,2/28/2026 13:52
5,Q-Point: Lotus Multispecialty Hospital,258,11/20/2025 8:41,206,5_qpoin_000108,Dr Sunil,43,Male,74,165,N/A,2/28/2026 13:58,2/28/2026 13:58,207,2/28/2026,66,629.445,14.2694,8.90937,0,1.68421,56.539,38.291,1.477,2/28/2026 13:58
5,Q-Point: Lotus Multispecialty Hospital,258,11/20/2025 8:41,207,5_qpoin_000109,Vivek Khandelwal,46,Male,75,159,N/A,2/28/2026 14:07,2/28/2026 14:07,208,2/28/2026,41,876.647,41.5135,28.7058,5.75758,50.303,397.796,257.346,1.546,2/28/2026 14:07
5,Q-Point: Lotus Multispecialty Hospital,258,11/20/2025 8:41,208,5_qpoin_000110,Sharad,39,Male,71,171,N/A,2/28/2026 14:13,2/28/2026 14:13,209,2/28/2026,9,941.937,79.6852,81.3425,53.3123,81.388,1923.21,2828.09,0.68,2/28/2026 14:13
5,Q-Point: Lotus Multispecialty Hospital,258,11/20/2025 8:41,209,5_qpoin_000111,Mandar V,43,Male,99,175,N/A,2/28/2026 14:14,2/28/2026 14:14,210,2/28/2026,22,880.929,135.527,190.994,1.76991,32.4484,34723.6,17805.9,1.95,2/28/2026 14:14
5,Q-Point: Lotus Multispecialty Hospital,258,11/20/2025 8:41,210,5_qpoin_000112,Shekhar Namdas,36,Male,66,163,N/A,2/28/2026 14:16,2/28/2026 14:16,211,2/28/2026,62,685.132,28.2244,17.3159,0.236407,22.695,428.749,115.104,3.725,2/28/2026 14:16
5,Q-Point: Lotus Multispecialty Hospital,258,11/20/2025 8:41,211,5_qpoin_000113,Ram narayan,36,Male,85,152,N/A,2/28/2026 14:29,2/28/2026 14:29,212,2/28/2026,66,635.16,16.2531,12.3739,0.91954,8.50575,93.007,39.373,2.362,2/28/2026 14:29
5,Q-Point: Lotus Multispecialty Hospital,258,11/20/2025 8:41,212,5_qpoin_000114,Ashish Kothwal,23,Male,76,160,N/A,2/28/2026 14:31,2/28/2026 14:31,213,2/28/2026,72,565.248,27.265,11.8078,0,6.06061,502.823,60.844,8.264,2/28/2026 14:31
5,Q-Point: Lotus Multispecialty Hospital,258,11/20/2025 8:41,213,5_qpoin_000115,Satyam Prajapati,20,Male,62,158,N/A,2/28/2026 14:47,2/28/2026 14:47,214,2/28/2026,51,842.758,45.1584,43.0552,25.1462,69.883,758.339,187.628,4.042,2/28/2026 14:47
5,Q-Point: Lotus Multispecialty Hospital,258,11/20/2025 8:41,214,5_qpoin_000116,Dr Bhushan,45,Male,67,165,N/A,2/28/2026 14:47,2/28/2026 14:47,215,2/28/2026,39,842.518,37.8779,34.7504,11.5819,59.6045,389.056,271.487,1.433,2/28/2026 14:47
5,Q-Point: Lotus Multispecialty Hospital,258,11/20/2025 8:41,215,5_qpoin_000117,Neelam,60,Male,80,150,N/A,2/28/2026 14:57,2/28/2026 14:57,216,2/28/2026,59,562.744,7.7825,10.9997,0.564972,6.21469,5.361,7.967,0.673,2/28/2026 14:57
5,Q-Point: Lotus Multispecialty Hospital,258,11/20/2025 8:41,216,5_qpoin_000118,Rajendra,44,Male,71,155,N/A,2/28/2026 15:15,2/28/2026 15:15,217,2/28/2026,59,615.728,20.9544,17.4129,1.23711,17.1134,107.022,64.185,1.667,2/28/2026 15:15
5,Q-Point: Lotus Multispecialty Hospital,258,11/20/2025 8:41,217,5_qpoin_000119,Satish,38,Male,55,170,N/A,2/28/2026 15:27,2/28/2026 15:27,218,2/28/2026,62,694.32,42.5593,19.1151,1.39535,21.8605,1039.32,81.426,12.764,2/28/2026 15:27
5,Q-Point: Lotus Multispecialty Hospital,258,11/20/2025 8:41,218,5_qpoin_000120,Sangeeta,58,Female,90,152,N/A,2/28/2026 15:40,2/28/2026 15:40,219,2/28/2026,20,739.94,138.432,182.882,6.58228,18.481,29846.5,22389.2,1.333,2/28/2026 15:40
5,Q-Point: Lotus Multispecialty Hospital,258,11/20/2025 8:41,219,5_qpoin_000121,taruna,52,Female,64,155,N/A,2/28/2026 18:04,2/28/2026 18:04,220,2/28/2026,17,707.045,97.6647,161.604,29.1469,31.0427,226.732,1772.17,0.128,2/28/2026 18:04
5,Q-Point: Lotus Multispecialty Hospital,258,11/20/2025 8:41,221,5_qpoin_000123,Supriya,38,Female,80,155,N/A,3/1/2026 5:32,3/1/2026 5:32,222,3/1/2026,24,694.603,75.6102,131.36,49.0698,63.2558,146.704,517.898,0.283,3/1/2026 5:32
5,Q-Point: Lotus Multispecialty Hospital,258,11/20/2025 8:41,222,5_qpoin_000124,SUNILMANE,51,Male,87,167,N/A,3/1/2026 5:50,3/1/2026 5:50,223,3/1/2026,32,698.712,37.8035,45.4012,4.70588,17.4118,428.735,392.057,1.094,3/1/2026 5:50
5,Q-Point: Lotus Multispecialty Hospital,258,11/20/2025 8:41,224,5_qpoin_000126,Ravindra Maruti,56,Male,78,168,N/A,3/1/2026 5:54,3/1/2026 5:54,225,3/1/2026,51,910.348,31.6137,15.8795,0,16.2577,136.719,68.172,2.005,3/1/2026 5:54
5,Q-Point: Lotus Multispecialty Hospital,258,11/20/2025 8:41,225,5_qpoin_000127,Ramesh Shinde,50,Male,79,171,N/A,3/1/2026 5:59,3/1/2026 5:59,226,3/1/2026,56,583.47,16.4986,16.7098,0.390625,20.3125,97.628,79.152,1.233,3/1/2026 5:59
5,Q-Point: Lotus Multispecialty Hospital,258,11/20/2025 8:41,226,5_qpoin_000128,Uday Singh,36,Male,75,171,N/A,3/1/2026 6:18,3/1/2026 6:18,227,3/1/2026,63,629.465,17.0438,16.4768,0.421941,18.7764,98.417,78.544,1.253,3/1/2026 6:18
5,Q-Point: Lotus Multispecialty Hospital,258,11/20/2025 8:41,227,5_qpoin_000129,Sachin,46,Male,67,158,N/A,3/1/2026 6:30,3/1/2026 6:30,228,3/1/2026,56,678.245,27.5693,18.9873,1.36364,12.0455,255.536,149.711,1.707,3/1/2026 6:30
5,Q-Point: Lotus Multispecialty Hospital,258,11/20/2025 8:41,228,5_qpoin_000130,Pravin Prajapati,30,Male,104,163,N/A,3/1/2026 6:40,3/1/2026 6:40,229,3/1/2026,66,562.681,22.7081,18.6916,1.35135,12.1622,332.983,75.222,4.427,3/1/2026 6:40
5,Q-Point: Lotus Multispecialty Hospital,258,11/20/2025 8:41,230,5_qpoin_000132,Vaibhav Mane,28,Male,48,155,N/A,3/1/2026 6:55,3/1/2026 6:55,231,3/1/2026,21,700.029,86.7067,101.669,18.2254,54.6763,6498.39,4593.09,1.415,3/1/2026 6:55
5,Q-Point: Lotus Multispecialty Hospital,258,11/20/2025 8:41,233,5_qpoin_000135,Moti singh Baghi,42,Male,75,165,N/A,3/1/2026 7:00,3/1/2026 7:00,234,3/1/2026,63,713.01,20.7637,16.5733,1.90931,15.7518,175.626,33.813,5.194,3/1/2026 7:00
5,Q-Point: Lotus Multispecialty Hospital,258,11/20/2025 8:41,235,5_qpoin_000137,uttam kar,56,Male,72,170,N/A,3/1/2026 7:22,3/1/2026 7:22,236,3/1/2026,38,779.066,48.3096,23.8219,3.7037,38.8889,665.595,148.078,4.495,3/1/2026 7:22
5,Q-Point: Lotus Multispecialty Hospital,258,11/20/2025 8:41,236,5_qpoin_000138,Suraj,26,Male,65,165,N/A,3/1/2026 7:41,3/1/2026 7:41,237,3/1/2026,20,792.649,187.996,201.805,24.8649,65.6757,57608.8,16027.7,3.594,3/1/2026 7:41
5,Q-Point: Lotus Multispecialty Hospital,258,11/20/2025 8:41,237,5_qpoin_000139,Vasant,78,Male,55,158,N/A,3/1/2026 8:09,3/1/2026 8:09,238,3/1/2026,41,739.843,19.8201,25.0268,3.96825,37.3016,39.109,49.026,0.798,3/1/2026 8:09
5,Q-Point: Lotus Multispecialty Hospital,258,11/20/2025 8:41,238,5_qpoin_000140,Bhimrao Chaughule,40,Male,67,165,N/A,3/1/2026 8:15,3/1/2026 8:15,239,3/1/2026,36,740.451,70.7637,37.4984,7.59494,33.6709,524.702,606.851,0.865,3/1/2026 8:15
5,Q-Point: Lotus Multispecialty Hospital,258,11/20/2025 8:41,240,5_qpoin_000142,Chetan,35,Male,92,170,N/A,3/1/2026 8:44,3/1/2026 8:44,241,3/1/2026,24,671.87,165.875,231.045,4.72973,29.5045,147624,48150.4,3.066,3/1/2026 8:44
5,Q-Point: Lotus Multispecialty Hospital,258,11/20/2025 8:41,241,5_qpoin_000143,Santosh Sharma,52,Female,65,159,N/A,3/1/2026 8:50,3/1/2026 8:50,242,3/1/2026,29,649.464,42.7178,56.76,5.33981,24.7573,412.121,693.078,0.595,3/1/2026 8:50
5,Q-Point: Lotus Multispecialty Hospital,258,11/20/2025 8:41,242,5_qpoin_000144,Aatish,30,Male,70,165,N/A,3/1/2026 9:11,3/1/2026 9:11,243,3/1/2026,26,669.982,123.333,183.614,1.82648,21.9178,121109,100993,1.199,3/1/2026 9:11
5,Q-Point: Lotus Multispecialty Hospital,258,11/20/2025 8:41,243,5_qpoin_000145,SOMNATH VANE,48,Male,72,172,N/A,3/1/2026 9:18,3/1/2026 9:18,244,3/1/2026,25,777.832,49.4417,45.0321,4.74934,37.467,3813.71,879.816,4.335,3/1/2026 9:18
5,Q-Point: Lotus Multispecialty Hospital,258,11/20/2025 8:41,245,5_qpoin_000147,NANDU,30,Male,62,169,N/A,3/1/2026 9:24,3/1/2026 9:24,246,3/1/2026,43,762.041,46.7793,54.899,4.84694,35.4592,610.919,1116.55,0.547,3/1/2026 9:24
5,Q-Point: Lotus Multispecialty Hospital,258,11/20/2025 8:41,246,5_qpoin_000148,Usha singh,51,Female,80,160,N/A,3/1/2026 9:33,3/1/2026 9:33,247,3/1/2026,27,613.139,45.3117,47.9045,1.46751,21.3836,1578.2,1668.26,0.946,3/1/2026 9:33
5,Q-Point: Lotus Multispecialty Hospital,258,11/20/2025 8:41,247,5_qpoin_000149,supriya bagat,33,Female,58,154,N/A,3/1/2026 9:46,3/1/2026 9:46,248,3/1/2026,0,635.431,31.1042,23.2703,3.61702,27.234,522.34,82.067,6.365,3/1/2026 9:46
5,Q-Point: Lotus Multispecialty Hospital,258,11/20/2025 8:41,248,5_qpoin_000150,Mangal Patil,65,Female,62,165,N/A,3/1/2026 9:58,3/1/2026 9:58,249,3/1/2026,21,770.38,122.844,173.518,1.28866,21.3918,26811.3,17131.1,1.565,3/1/2026 9:58
5,Q-Point: Lotus Multispecialty Hospital,258,11/20/2025 8:41,249,5_qpoin_000151,amol patil,41,Male,110,168,N/A,3/1/2026 10:00,3/1/2026 10:00,250,3/1/2026,61,629.903,18.8952,17.4795,1.32159,15.859,100.834,51.186,1.97,3/1/2026 10:00
5,Q-Point: Lotus Multispecialty Hospital,258,11/20/2025 8:41,250,5_qpoin_000152,Supriya Pawar,36,Female,84,164,N/A,3/1/2026 10:07,3/1/2026 10:07,251,3/1/2026,28,653.439,218.181,305.129,2.86344,11.8943,206779,70628.6,2.928,3/1/2026 10:07
5,Q-Point: Lotus Multispecialty Hospital,258,11/20/2025 8:41,251,5_qpoin_000153,Kamal,70,Female,65,160,N/A,3/1/2026 10:13,3/1/2026 10:13,252,3/1/2026,8,621.627,85.007,120.648,38.3073,69.7105,2858.6,4467.48,0.64,3/1/2026 10:14
5,Q-Point: Lotus Multispecialty Hospital,258,11/20/2025 8:41,253,5_qpoin_000155,Kuldeep Kaur,62,Female,88,160,N/A,3/1/2026 10:33,3/1/2026 10:33,254,3/1/2026,21,603.854,200.392,279.171,4.43459,15.9645,179880,80040.1,2.247,3/1/2026 10:33
5,Q-Point: Lotus Multispecialty Hospital,258,11/20/2025 8:41,254,5_qpoin_000156,Nirmal Kaur,50,Female,75,165,N/A,3/1/2026 10:55,3/1/2026 10:55,255,3/1/2026,64,583.778,17.8957,16.2327,1.75781,14.8438,115.601,23.412,4.938,3/1/2026 10:55
5,Q-Point: Lotus Multispecialty Hospital,258,11/20/2025 8:41,256,5_qpoin_000158,Swati Rathore,31,Female,58,162,N/A,3/1/2026 11:02,3/1/2026 11:02,257,3/1/2026,67,563.775,18.5176,16.7856,1.14942,18.1992,93.443,40.695,2.296,3/1/2026 11:02
5,Q-Point: Lotus Multispecialty Hospital,258,11/20/2025 8:41,257,5_qpoin_000159,Ritesh Shrivatsav,23,Male,96,165,N/A,3/1/2026 11:10,3/1/2026 11:10,258,3/1/2026,59,629.175,42.8566,27.1865,6.96202,35.865,756.204,220.908,3.423,3/1/2026 11:10
5,Q-Point: Lotus Multispecialty Hospital,258,11/20/2025 8:41,258,5_qpoin_000160,Ramneet Kaur,41,Male,77,155,N/A,3/1/2026 11:23,3/1/2026 11:23,259,3/1/2026,44,656.061,36.9345,32.3866,10.7456,49.5614,279.389,398.329,0.701,3/1/2026 11:23
5,Q-Point: Lotus Multispecialty Hospital,258,11/20/2025 8:41,259,5_qpoin_000161,DNYANISHWAR,26,Male,53,175,N/A,3/1/2026 11:28,3/1/2026 11:28,260,3/1/2026,29,617.122,122.697,166.719,1.89873,19.4093,118289,37602.6,3.146,3/1/2026 11:29
5,Q-Point: Lotus Multispecialty Hospital,258,11/20/2025 8:41,262,5_qpoin_000162,Suresh rathod,34,Male,82,170,N/A,3/2/2026 10:01,3/2/2026 10:01,263,2/28/2026,61,669.58,32.5391,15.949,0.671141,17.0022,255.85,154.07,1.661,3/2/2026 10:01
5,Q-Point: Lotus Multispecialty Hospital,258,11/20/2025 8:41,264,5_qpoin_000164,Abhiraj Shinde,27,Male,55,162,N/A,3/2/2026 10:14,3/2/2026 10:14,265,2/28/2026,61,774.762,37.6106,19.554,1.55844,25.974,252.223,167.455,1.506,3/2/2026 10:14
5,Q-Point: Lotus Multispecialty Hospital,258,11/20/2025 8:41,265,5_qpoin_000165,Jagadish,69,Male,64,164,N/A,3/2/2026 10:17,3/2/2026 10:17,266,2/28/2026,42,658.38,20.1353,24.2211,4.21286,33.9246,47.078,117.744,0.4,3/2/2026 10:17
5,Q-Point: Lotus Multispecialty Hospital,258,11/20/2025 8:41,266,5_qpoin_000166,Arun Shankar,65,Male,65,165,N/A,3/2/2026 10:23,3/2/2026 10:23,269,2/28/2026,54,564.526,12.1731,13.6608,0.759013,7.21063,55.702,73.612,0.757,3/2/2026 10:23
5,Q-Point: Lotus Multispecialty Hospital,258,11/20/2025 8:41,267,5_qpoin_000167,Rajeshshree,58,Female,102,157,N/A,3/2/2026 10:33,3/2/2026 10:33,273,2/28/2026,67,607.318,6.9169,4.64426,0,0.609756,6.65,2.878,2.311,3/2/2026 10:33
5,Q-Point: Lotus Multispecialty Hospital,258,11/20/2025 8:41,268,5_qpoin_000168,Sheetal,29,Female,48,164,N/A,3/2/2026 10:34,3/2/2026 10:34,274,2/28/2026,24,650.765,104.37,151.361,6.18102,39.0728,18870.7,16661.8,1.133,3/2/2026 10:34
5,Q-Point: Lotus Multispecialty Hospital,258,11/20/2025 8:41,269,5_qpoin_000169,Anand,40,Male,72,167,N/A,3/2/2026 10:36,3/2/2026 10:36,276,2/28/2026,63,625.979,18.0188,17.1681,1.4862,16.3482,95.827,35.356,2.71,3/2/2026 10:36
5,Q-Point: Lotus Multispecialty Hospital,258,11/20/2025 8:41,270,5_qpoin_000170,Sanjvani T,55,Female,70,155,N/A,3/2/2026 10:41,3/2/2026 10:41,278,2/28/2026,58,813.88,19.3988,14.8489,0.27248,13.624,98.41,54.929,1.792,3/2/2026 10:41
5,Q-Point: Lotus Multispecialty Hospital,258,11/20/2025 8:41,271,5_qpoin_000171,Gurmeet kaur,40,Female,65,157,N/A,3/2/2026 10:51,3/2/2026 10:51,279,2/28/2026,59,668.442,22.6288,21.4219,2.68456,29.9776,165.011,78.28,2.108,3/2/2026 10:51
5,Q-Point: Lotus Multispecialty Hospital,258,11/20/2025 8:41,272,5_qpoin_000172,Sharad,39,Male,71,171,N/A,3/2/2026 10:58,3/2/2026 10:58,280,2/28/2026,9,944.265,82.4233,81.3068,52.5316,81.0127,2449.16,2900.09,0.845,3/2/2026 10:58
5,Q-Point: Lotus Multispecialty Hospital,258,11/20/2025 8:41,273,5_qpoin_000173,SAJAY FULORA,48,Male,58,160,N/A,3/2/2026 11:03,3/2/2026 11:03,281,2/28/2026,36,807.173,41.8903,42.1148,2.16802,31.7073,240.318,362.729,0.663,3/2/2026 11:03
5,Q-Point: Lotus Multispecialty Hospital,258,11/20/2025 8:41,274,5_qpoin_000174,Dakshina C,29,Female,75,155,N/A,3/2/2026 11:04,3/2/2026 11:04,282,3/1/2026,63,769.584,36.7064,22.1669,1.54639,34.0206,712.908,182.7,3.902,3/2/2026 11:04
5,Q-Point: Lotus Multispecialty Hospital,258,11/20/2025 8:41,275,5_qpoin_000175,satyavan jadhav,28,Male,85,165,N/A,3/2/2026 11:07,3/2/2026 11:07,283,3/1/2026,56,748.825,38.1485,27.2683,4.7619,41.3534,505.783,209.131,2.418,3/2/2026 11:07
5,Q-Point: Lotus Multispecialty Hospital,258,11/20/2025 8:41,276,5_qpoin_000176,saif shaikh,30,Male,78,184,N/A,3/2/2026 11:11,3/2/2026 11:11,284,3/1/2026,23,717.903,106.563,140.089,6.56934,36.253,16555.6,12556.5,1.318,3/2/2026 11:11
5,Q-Point: Lotus Multispecialty Hospital,258,11/20/2025 8:41,277,5_qpoin_000177,pramochandrakant dag42,42,Male,110,185,N/A,3/2/2026 11:15,3/2/2026 11:15,285,3/1/2026,55,808.827,23.2371,22.2528,2.16802,34.9594,96.367,109.65,0.879,3/2/2026 11:15
5,Q-Point: Lotus Multispecialty Hospital,258,11/20/2025 8:41,278,5_qpoin_000178,parasnag bhagat,72,Male,74,163,N/A,3/2/2026 11:18,3/2/2026 11:18,286,3/1/2026,56,794.021,14.6091,11.2972,0.531915,5.58511,66.041,34.488,1.915,3/2/2026 11:18
5,Q-Point: Lotus Multispecialty Hospital,258,11/20/2025 8:41,279,5_qpoin_000179,shyamlal sharma,56,Male,68,165,N/A,3/2/2026 11:22,3/2/2026 11:22,287,3/1/2026,16,670.059,72.7066,100.645,6.13636,34.3182,4559.39,5289.44,0.862,3/2/2026 11:22
5,Q-Point: Lotus Multispecialty Hospital,258,11/20/2025 8:41,280,5_qpoin_000180,karamjeet kaur,61,Female,74,153,N/A,3/2/2026 11:23,3/2/2026 11:23,288,3/1/2026,43,752.273,29.2379,25.4019,4.56853,26.9036,246.114,123.656,1.99,3/2/2026 11:23
5,Q-Point: Lotus Multispecialty Hospital,258,11/20/2025 8:41,281,5_qpoin_000181,jasbir kaur,55,Female,60,150,N/A,3/2/2026 11:25,3/2/2026 11:25,289,3/1/2026,59,624.61,16.963,14.006,0,14.6444,56.648,29.477,1.922,3/2/2026 11:25
5,Q-Point: Lotus Multispecialty Hospital,258,11/20/2025 8:41,282,5_qpoin_000182,sagar kamle,21,Male,85,175,N/A,3/2/2026 11:28,3/2/2026 11:28,290,3/1/2026,70,508.581,14.5517,13.1832,0.170068,12.415,73.484,21.899,3.356,3/2/2026 11:28
5,Q-Point: Lotus Multispecialty Hospital,258,11/20/2025 8:41,283,5_qpoin_000183,sobha mokar,57,Female,55,158,N/A,3/2/2026 11:30,3/2/2026 11:30,291,3/1/2026,52,642.942,19.6565,22.2319,3.87931,26.0776,115.123,49.623,2.32,3/2/2026 11:30
5,Q-Point: Lotus Multispecialty Hospital,258,11/20/2025 8:41,284,5_qpoin_000184,Prasad,19,Male,63,165,N/A,3/3/2026 14:51,3/3/2026 14:51,292,3/1/2026,61,690.569,30.0951,25.2774,4.22535,41.0798,296.535,228.542,1.298,3/3/2026 14:51
5,Q-Point: Lotus Multispecialty Hospital,258,11/20/2025 8:41,285,5_qpoin_000185,Rajani Kaur,40,Female,48,155,N/A,3/3/2026 14:54,3/3/2026 14:54,293,3/1/2026,28,708.922,236.945,329.732,3.43137,24.0196,323346,68083.7,4.749,3/3/2026 14:54
5,Q-Point: Lotus Multispecialty Hospital,258,11/20/2025 8:41,286,5_qpoin_000186,Nirmal Kaur,50,Female,75,165,N/A,3/3/2026 14:59,3/3/2026 14:59,294,3/1/2026,67,590.438,12.9446,12.2413,0.988142,6.917,66.464,13.513,4.918,3/3/2026 14:59
5,Q-Point: Lotus Multispecialty Hospital,258,11/20/2025 8:41,287,5_qpoin_000187,Dr rehna M,46,Female,70,155,N/A,3/4/2026 6:34,3/4/2026 6:34,295,2/28/2026,0,667.381,12.005,11.9168,0.45045,6.08108,39.574,34.59,1.144,3/4/2026 6:34
5,Q-Point: Lotus Multispecialty Hospital,258,11/20/2025 8:41,289,5_qpoin_000189,Riddhi pal,20,Female,39,156,N/A,3/4/2026 7:24,3/4/2026 7:24,297,2/28/2026,0,551.709,20.2904,16.8866,1.29151,11.8081,106.343,69.039,1.54,3/4/2026 7:24
5,Q-Point: Lotus Multispecialty Hospital,258,11/20/2025 8:41,290,5_qpoin_000190,Santosh Rathod,36,Male,85,177,N/A,3/5/2026 10:03,3/5/2026 10:03,298,3/1/2026,21,771.088,93.3481,123.017,4.90956,41.3437,7622.49,6462.09,1.18,3/5/2026 10:03
5,Q-Point: Lotus Multispecialty Hospital,258,11/20/2025 8:41,292,5_qpoin_000192,Amol Banger,34,Male,60,172,N/A,3/7/2026 5:25,3/7/2026 5:25,300,3/7/2026,34,690.719,111.808,50.9307,4.31894,30.5648,57553.6,2688.53,21.407,3/7/2026 5:25
5,Q-Point: Lotus Multispecialty Hospital,258,11/20/2025 8:41,293,5_qpoin_000193,Eknath Chauhan,45,Male,96,180,N/A,3/7/2026 5:27,3/7/2026 5:27,301,3/7/2026,34,615.819,39.3108,65.7231,17.1134,28.4536,31.57,270.379,0.117,3/7/2026 5:27
5,Q-Point: Lotus Multispecialty Hospital,258,11/20/2025 8:41,294,5_qpoin_000194,Shushma,55,Female,70,163,N/A,3/7/2026 5:36,3/7/2026 5:36,302,3/7/2026,54,778.509,24.2678,16.3771,0.78125,20.8333,167.269,102.158,1.637,3/7/2026 5:36
5,Q-Point: Lotus Multispecialty Hospital,258,11/20/2025 8:41,295,5_qpoin_000195,Ashwini dhogare,27,Female,70,143,N/A,3/7/2026 5:43,3/7/2026 5:43,303,3/7/2026,63,698.858,28.6688,24.5595,3.73832,36.6822,278.612,125.896,2.213,3/7/2026 5:43
5,Q-Point: Lotus Multispecialty Hospital,258,11/20/2025 8:41,296,5_qpoin_000196,Jyoti Zatale,43,Female,72,154,N/A,3/7/2026 5:56,3/7/2026 5:56,304,3/7/2026,50,725.141,24.8842,28.2381,6.81265,51.5815,93.865,180.757,0.519,3/7/2026 5:56
5,Q-Point: Lotus Multispecialty Hospital,258,11/20/2025 8:41,298,5_qpoin_000198,Ramdas Shinde,65,Male,63,155,N/A,3/7/2026 5:59,3/7/2026 5:59,306,3/7/2026,18,849.17,40.0586,51.6639,29.9145,64.3875,395.609,312.112,1.268,3/7/2026 5:59
5,Q-Point: Lotus Multispecialty Hospital,258,11/20/2025 8:41,300,5_qpoin_000200,Laxmi Sooryawanshi,54,Female,59,165,N/A,3/7/2026 6:19,3/7/2026 6:19,308,3/7/2026,43,672.791,29.4619,31.5072,9.90991,42.5676,218.035,113.59,1.919,3/7/2026 6:19
5,Q-Point: Lotus Multispecialty Hospital,258,11/20/2025 8:41,301,5_qpoin_000201,Prasaanya Dhoke,58,Male,80,153,N/A,3/7/2026 6:21,3/7/2026 6:21,309,3/7/2026,38,503.077,21.3633,33.0821,9.45946,46.2838,25.075,52.506,0.478,3/7/2026 6:21
5,Q-Point: Lotus Multispecialty Hospital,258,11/20/2025 8:41,302,5_qpoin_000202,Sunil Jadhav,44,Male,80,170,N/A,3/7/2026 6:29,3/7/2026 6:29,310,3/7/2026,62,618.198,17.0861,14.8212,0.207039,14.6998,86.61,39.032,2.219,3/7/2026 6:29
5,Q-Point: Lotus Multispecialty Hospital,258,11/20/2025 8:41,303,5_qpoin_000203,umesh karale,52,Male,82,159,N/A,3/7/2026 6:35,3/7/2026 6:35,311,3/7/2026,8,838.462,69.73,110.964,67.2222,86.6667,4591.81,2548.29,1.802,3/7/2026 6:35
5,Q-Point: Lotus Multispecialty Hospital,258,11/20/2025 8:41,304,5_qpoin_000204,Dnyaneshwar Gadhve,52,Male,85,178,N/A,3/7/2026 6:46,3/7/2026 6:46,312,3/7/2026,40,846.158,42.4387,25.2747,5.38244,36.8272,405.454,167.281,2.424,3/7/2026 6:46
5,Q-Point: Lotus Multispecialty Hospital,258,11/20/2025 8:41,305,5_qpoin_000205,swapnil kurade,40,Male,77,157,N/A,3/7/2026 6:53,3/7/2026 6:53,313,3/7/2026,20,753.23,87.4893,81.9181,9.66921,43.257,7945.55,3314.25,2.397,3/7/2026 6:53
5,Q-Point: Lotus Multispecialty Hospital,258,11/20/2025 8:41,306,5_qpoin_000206,Ramchandra Dawkher,53,Male,67,177,N/A,3/7/2026 6:58,3/7/2026 6:58,314,3/7/2026,31,790.037,29.0409,34.4631,11.9048,56.0847,153.919,362.368,0.425,3/7/2026 6:58
5,Q-Point: Lotus Multispecialty Hospital,258,11/20/2025 8:41,307,5_qpoin_000207,R M Mote ,56,Male,78,168,N/A,3/7/2026 7:05,3/7/2026 7:05,315,3/1/2026,51,910.348,31.6137,15.8795,0,16.2577,136.719,68.172,2.005,3/7/2026 7:05
5,Q-Point: Lotus Multispecialty Hospital,258,11/20/2025 8:41,308,5_qpoin_000208,Bajiroa,79,Male,70,154,N/A,3/7/2026 7:15,3/7/2026 7:15,316,3/7/2026,16,814.111,46.3809,68.7554,10.9244,37.8151,685.035,1233.21,0.555,3/7/2026 7:15
5,Q-Point: Lotus Multispecialty Hospital,258,11/20/2025 8:41,309,5_qpoin_000209,Diksha Bhujbal,21,Female,40,153,N/A,3/7/2026 7:17,3/7/2026 7:17,317,3/7/2026,50,664.718,55.9304,35.3775,12.6667,50.2222,1240.9,687.293,1.805,3/7/2026 7:17
5,Q-Point: Lotus Multispecialty Hospital,258,11/20/2025 8:41,310,5_qpoin_000210,Adinath sangale,26,Male,62,157,N/A,3/7/2026 7:33,3/7/2026 7:33,318,3/7/2026,44,708.198,53.9257,41.3498,17.1149,53.3007,938.981,836.251,1.123,3/7/2026 7:33
5,Q-Point: Lotus Multispecialty Hospital,258,11/20/2025 8:41,311,5_qpoin_000211,Sai Badhe,22,Female,59,158,N/A,3/7/2026 7:35,3/7/2026 7:35,319,3/7/2026,62,669.119,44.6411,33.1179,9.70655,48.307,821.61,161.072,5.101,3/7/2026 7:35
5,Q-Point: Lotus Multispecialty Hospital,258,11/20/2025 8:41,312,5_qpoin_000212,vikas kshirsagar,23,Male,74,176,N/A,3/7/2026 7:49,3/7/2026 7:49,320,3/7/2026,29,832.597,73.6712,74.5932,22.0963,68.272,7149.23,1560.34,4.582,3/7/2026 7:49
5,Q-Point: Lotus Multispecialty Hospital,258,11/20/2025 8:41,313,5_qpoin_000213,Sharvani Gadge,20,Female,48,152,N/A,3/7/2026 7:55,3/7/2026 7:55,321,3/7/2026,33,701.803,64.8006,50.3235,29.3651,65.6085,1080.92,1939.65,0.557,3/7/2026 7:55
5,Q-Point: Lotus Multispecialty Hospital,258,11/20/2025 8:41,315,5_qpoin_000215,Namdev W,70,Male,60,173,N/A,3/7/2026 8:15,3/7/2026 8:15,323,3/7/2026,33,518.322,21.7705,34.0366,13.8648,44.5407,13.774,47.247,0.292,3/7/2026 8:15
5,Q-Point: Lotus Multispecialty Hospital,258,11/20/2025 8:41,316,5_qpoin_000216,Ganesh Kurade,47,Male,78,155,N/A,3/7/2026 8:17,3/7/2026 8:17,324,3/7/2026,44,903.432,36.4476,27.1202,4.54545,43.3333,278.005,202.314,1.374,3/7/2026 8:17
5,Q-Point: Lotus Multispecialty Hospital,258,11/20/2025 8:41,317,5_qpoin_000217,Meera wadekar,44,Female,50,152,N/A,3/7/2026 9:08,3/7/2026 9:08,325,3/7/2026,51,638.656,23.906,29.1326,7.77778,37.3333,96.962,114.403,0.848,3/7/2026 9:08
5,Q-Point: Lotus Multispecialty Hospital,258,11/20/2025 8:41,318,5_qpoin_000218,Bhagwan Rokade,67,Male,80,175,N/A,3/7/2026 9:08,3/7/2026 9:08,326,3/7/2026,58,603.677,15.0756,10.2388,0.40404,2.22222,42.23,23.806,1.774,3/7/2026 9:08
5,Q-Point: Lotus Multispecialty Hospital,258,11/20/2025 8:41,319,5_qpoin_000219,Sindhu W,63,Female,70,153,N/A,3/7/2026 9:14,3/7/2026 9:14,327,3/7/2026,48,642.249,21.8126,21.5738,2.7957,27.3118,136.517,79.318,1.721,3/7/2026 9:14
5,Q-Point: Lotus Multispecialty Hospital,258,11/20/2025 8:41,324,5_qpoin_000224,Nitin jore,57,Male,52,152,N/A,3/7/2026 9:43,3/7/2026 9:43,332,3/7/2026,22,584.969,52.3282,74.7139,0.587084,17.8082,2034.85,3128.1,0.651,3/7/2026 9:43
5,Q-Point: Lotus Multispecialty Hospital,258,11/20/2025 8:41,325,5_qpoin_000225,Sadashiv Nimse,76,Male,80,165,N/A,3/7/2026 9:45,3/7/2026 9:45,333,3/7/2026,10,817.353,70.4874,53.343,22.4684,59.1772,1416.81,518.876,2.731,3/7/2026 9:45
5,Q-Point: Lotus Multispecialty Hospital,258,11/20/2025 8:41,326,5_qpoin_000226,Bhimaji dukkre,48,Male,51,155,N/A,3/7/2026 9:51,3/7/2026 9:51,334,3/7/2026,49,879.018,23.0994,24.6553,5.01475,34.2183,118.806,130.05,0.914,3/7/2026 9:51
5,Q-Point: Lotus Multispecialty Hospital,258,11/20/2025 8:41,327,5_qpoin_000227,Anjanabai Rokade,75,Female,60,159,N/A,3/7/2026 9:52,3/7/2026 9:52,335,3/7/2026,19,531.556,115.631,166.587,1.11111,24.4444,34486.6,28165,1.224,3/7/2026 9:52
5,Q-Point: Lotus Multispecialty Hospital,258,11/20/2025 8:41,328,5_qpoin_000228,lalita,40,Female,75,153,N/A,3/7/2026 10:05,3/7/2026 10:05,336,3/7/2026,34,587.197,47.8583,64.6022,5.33597,27.668,826.376,1548.02,0.534,3/7/2026 10:05
5,Q-Point: Lotus Multispecialty Hospital,258,11/20/2025 8:41,329,5_qpoin_000229,Ratna Doke,55,Female,55,160,N/A,3/7/2026 10:17,3/7/2026 10:17,337,3/7/2026,24,844.4,43.7297,43.1662,9.36556,40.4834,522.731,922.213,0.567,3/7/2026 10:17
5,Q-Point: Lotus Multispecialty Hospital,258,11/20/2025 8:41,330,5_qpoin_000230,vilash jamgum,65,Male,50,149,N/A,3/7/2026 10:21,3/7/2026 10:21,338,3/7/2026,16,868.756,57.8542,87.298,6.12245,33.5277,1005.75,2238.26,0.449,3/7/2026 10:21
5,Q-Point: Lotus Multispecialty Hospital,258,11/20/2025 8:41,331,5_qpoin_000231,Khandu Bamhane,62,Male,52,164,N/A,3/7/2026 10:39,3/7/2026 10:39,339,3/7/2026,14,780.695,56.426,52.2356,10.0796,44.2971,2069.62,1104.56,1.874,3/7/2026 10:39
5,Q-Point: Lotus Multispecialty Hospital,258,11/20/2025 8:41,332,5_qpoin_000232,Rekha Kale,69,Female,63,148,N/A,3/7/2026 10:47,3/7/2026 10:47,340,3/7/2026,10,631.784,66.9159,62.0367,15.0943,51.5723,2316.32,2337.45,0.991,3/7/2026 10:47
5,Q-Point: Lotus Multispecialty Hospital,258,11/20/2025 8:41,335,5_qpoin_000235,rupali shinde,43,Female,54,152,N/A,3/7/2026 10:54,3/7/2026 10:54,343,3/7/2026,58,754.131,28.4058,18.009,0.757576,22.9798,178.602,101.612,1.758,3/7/2026 10:54
5,Q-Point: Lotus Multispecialty Hospital,258,11/20/2025 8:41,336,5_qpoin_000236,Suman nimse,65,Female,64,148,N/A,3/7/2026 10:56,3/7/2026 10:56,344,3/7/2026,29,670.215,33.7543,44.9908,0.674157,4.04494,403.734,729.265,0.554,3/7/2026 10:56
,,,,,,,,,,,,,,,,,,,,,,,,,
,,,,,,,,,,,,,,,,,,,,,,,,,
,,,,,,,,,,,,,,,,,,,,,,,,,
,,,,,,,,,,,,,,,,,,,,,,,,,
,,,,,,,,,,,,,,,,,,,,,,,,,
,,,,,,,,,,,,,,,,,,,,,,,,,
,,,,,,,,,,,,,,,,,,,,,,,,,
,,,,,,,,,,,,,,,,,,,,,,,,,
,,,,,,,,,,,,,,,,,,,,,,,,,
,,,,,,,,,,,,,,,,,,,,,,,,,
,,,,,,,,,,,,,,,,,,,,,,,,,
,,,,,,,,,,,,,,,,,,,,,,,,,
,,,,,,,,,,,,,,,,,,,,,,,,,
,,,,,,,,,,,,,,,,,,,,,,,,,
,,,,,,,,,,,,,,,,,,,,,,,,,
,,,,,,,,,,,,,,,,,,,,,,,,,
,,,,,,,,,,,,,,,,,,,,,,,,,
,,,,,,,,,,,,,,,,,,,,,,,,,
,,,,,,,,,,,,,,,,,,,,,,,,,
,,,,,,,,,,,,,,,,,,,,,,,,,
,,,,,,,,,,,,,,,,,,,,,,,,,
,,,,,,,,,,,,,,,,,,,,,,,,,
,,,,,,,,,,,,,,,,,,,,,,,,,
,,,,,,,,,,,,,,,,,,,,,,,,,
,,,,,,,,,,,,,,,,,,,,,,,,,
,,,,,,,,,,,,,,,,,,,,,,,,,
,,,,,,,,,,,,,,,,,,,,,,,,,
,,,,,,,,,,,,,,,,,,,,,,,,,
,,,,,,,,,,,,,,,,,,,,,,,,,
,,,,,,,,,,,,,,,,,,,,,,,,,
